Feature,Accuracy
Ube2o,0.6666666666666666
Bckdk,0.5333333333333333
Adprh,0.26666666666666666
Adprhl1,0.4666666666666667
Pdk1,0.26666666666666666
Pdk2,0.5333333333333333
Pdk4,0.4666666666666667
Pdp1,0.6666666666666666
Adi1,0.3333333333333333
Gbe1,0.3333333333333333
Akr1e2,0.4666666666666667
Hspe1,0.2
Eftud2,0.2
Phpt1,0.7333333333333333
Ywhab,0.06666666666666667
Ywhae,0.2
Ywhah,0.3333333333333333
Ywhag,0.26666666666666666
Sfn,0.06666666666666667
Ywhaq,0.4
Ywhaz,0.0
Tnks1bp1,0.0
Abhd5,0.5333333333333333
Agpat3,0.6666666666666666
Plcd1,0.26666666666666666
Plcd4,0.2
Cnp,0.4
Decr1,0.3333333333333333
Pde12,0.3333333333333333
Psmd1,0.26666666666666666
Psmd11,0.0
Psmd12,0.3333333333333333
Psmd13,0.3333333333333333
Psmd14,0.26666666666666666
Psmd2,0.3333333333333333
Psmd3,0.0
Psmd4,0.6666666666666666
Psmd5,0.5333333333333333
Psmd6,0.4
Psmd7,0.4666666666666667
Psmd8,0.26666666666666666
Psmd9,0.06666666666666667
Psmc6,0.26666666666666666
Psmc1,0.2
Psmc3,0.4666666666666667
Psmc4,0.13333333333333333
Psmc2,0.7333333333333333
Psmc5,0.13333333333333333
Pdap1,0.26666666666666666
Mrps11,0.4666666666666667
Mrps15,0.26666666666666666
Mrps18a,0.5333333333333333
Mrps18b,0.6
Mrps2,0.5333333333333333
Mrps22,0.26666666666666666
Mrps23,0.5333333333333333
Mrps26,0.0
Mrps27,0.13333333333333333
Dap3,0.4666666666666667
Mrps30,0.4
Mrps31,0.0
Mrps34,0.2
Mrps35,0.0
Mrps36,0.8
Mrps6,0.4666666666666667
Mrps7,0.06666666666666667
Mrps9,0.0
Gcat,0.13333333333333333
Ado,0.3333333333333333
Rida,0.26666666666666666
Coq5,0.5333333333333333
Ogdh,0.8
Bckdha,0.7333333333333333
Bckdhb,0.06666666666666667
Bpnt1,0.2
Mrpl1,0.2
Mrpl11,0.7333333333333333
Mrpl12,0.6666666666666666
Mrpl13,0.3333333333333333
Mrpl14,0.26666666666666666
Mrpl15,0.6666666666666666
Mrpl16,0.4666666666666667
Mrpl19,0.3333333333333333
Mrpl20,0.0
Mrpl21,0.6666666666666666
Mrpl23,0.3333333333333333
Mrpl24,0.26666666666666666
Mrpl27,0.7333333333333333
Mrpl28,0.2
Mrpl3,0.26666666666666666
Mrpl30,0.06666666666666667
Mrpl32,0.4
Mrpl37,0.26666666666666666
Mrpl38,0.6
Mrpl39,0.3333333333333333
Mrpl4,0.3333333333333333
Mrpl40,0.4
Mrpl41,0.5333333333333333
Mrpl44,0.4666666666666667
Mrpl45,0.3333333333333333
Mrpl46,0.4666666666666667
Mrpl49,0.0
Mrpl50,0.4
Mrpl53,0.6
Mrpl55,0.0
Mrpl9,0.4
Hsd17b10,0.6666666666666666
Hibadh,0.26666666666666666
Hibch,0.8
Acaa1a,0.3333333333333333
Acaa2,0.5333333333333333
Mpst,0.6
Oxsm,0.0
Rps10,0.2
Rps11,0.4
Rps12,0.6666666666666666
Rps13,0.5333333333333333
Rps14,0.26666666666666666
Rps15,0.0
Rps15a,0.26666666666666666
Rps16,0.4
Rps17,0.7333333333333333
Rps18,0.6
Rps19,0.13333333333333333
Rps2,0.4
Rps20,0.26666666666666666
Rps21,0.4
Rps23,0.4666666666666667
Rps24,0.06666666666666667
Rps25,0.06666666666666667
Rps27l,0.4
Rps28,0.6
Rps29,0.13333333333333333
Rps3,0.13333333333333333
Fau,0.6
Rps3a,0.3333333333333333
Rps4x,0.06666666666666667
Rps5,0.4666666666666667
Rps6,0.13333333333333333
Rps7,0.6
Rps8,0.4
Rps9,0.13333333333333333
Rpsa,0.4
Abat,0.4
Slc3a2,0.6666666666666666
Pank4,0.06666666666666667
Aldh9a1,0.5333333333333333
Nt5c,0.3333333333333333
Mpp1,0.5333333333333333
Prkaa1,0.0
Prkaa2,0.0
Prkab2,0.13333333333333333
Prkag1,0.0
Prkag3,0.3333333333333333
Coq7,0.13333333333333333
Hddc2,0.0
Nt5dc3,0.3333333333333333
Oplah,0.6666666666666666
Phykpl,0.26666666666666666
Hspd1,0.6666666666666666
Rplp0,0.6666666666666666
Rplp1,0.2
Rplp2,0.6
Rpl10,0.5333333333333333
Rpl10a,0.4
Rpl11,0.4
Rpl12,0.26666666666666666
Rpl13,0.4666666666666667
Rpl13a,0.06666666666666667
Rpl14,0.13333333333333333
Rpl15,0.6666666666666666
Rpl17,0.6666666666666666
Rpl18,0.4
Rpl18a,0.0
Rpl19,0.6
Rpl21,0.4666666666666667
Rpl22,0.0
Rpl23,0.4666666666666667
Rpl23a,0.4
Rpl24,0.26666666666666666
Rpl26,0.26666666666666666
Rpl27,0.06666666666666667
Rpl27a,0.3333333333333333
Rpl28,0.06666666666666667
Rpl29,0.4
Rpl3,0.7333333333333333
Rpl30,0.5333333333333333
Rpl31,0.7333333333333333
Rpl32,0.0
Rpl34,0.26666666666666666
Rpl35,0.26666666666666666
Rpl35a,0.5333333333333333
Rpl36a,0.0
Rpl37a,0.13333333333333333
Rpl38,0.26666666666666666
Rpl4,0.0
Rpl5,0.26666666666666666
Rpl6,0.4
Rpl7,0.4666666666666667
Rpl7a,0.4
Rpl8,0.2
Rpl9,0.06666666666666667
Pfkfb1,0.6666666666666666
Pgd,0.5333333333333333
Pgls,0.3333333333333333
Abi1,0.06666666666666667
Acat2,0.06666666666666667
Acat1,0.3333333333333333
Acaca,0.3333333333333333
Acacb,0.4
Acss1,0.6
Acss2,0.0
Asah1,0.13333333333333333
Smpdl3a,0.13333333333333333
Anp32a,0.06666666666666667
Anp32b,0.13333333333333333
Anp32e,0.4666666666666667
Aco2,0.26666666666666666
Acta1,0.5333333333333333
Acta2,0.3333333333333333
Actb,0.3333333333333333
Actg1,0.4666666666666667
Ablim1,0.6
Ablim2,0.06666666666666667
Ablim3,0.4666666666666667
Abra,0.4666666666666667
Setd3,0.7333333333333333
Actl6a,0.3333333333333333
Actr2,0.3333333333333333
Arpc1a,0.06666666666666667
Arpc1b,0.0
Arpc2,0.06666666666666667
Arpc3,0.5333333333333333
Arpc4,0.26666666666666666
Arpc5l,0.3333333333333333
Actr3,0.2
Actr5,0.4666666666666667
Sub1,0.26666666666666666
Ahsa1,0.6
Ndufab1,0.4666666666666667
Apeh,0.6
Acad10,0.4666666666666667
Dbi,0.06666666666666667
Acot1,0.3333333333333333
Acot13,0.6666666666666666
Acot2,0.4
Acot9,0.7333333333333333
Agk,0.4
Acyp1,0.4666666666666667
Acyp2,0.8
Lypla1,0.13333333333333333
Lypla2,0.0
Fahd1,0.6666666666666666
Crk,0.6666666666666666
Necap2,0.4
Aprt,0.4
Adk,0.06666666666666667
Ahcy,0.26666666666666666
Ak2,0.2
Ak4,0.2
Ak1,0.6
Adsl,0.7333333333333333
Adss1,0.6666666666666666
Adss2,0.26666666666666666
Cap1,0.3333333333333333
Cap2,0.26666666666666666
Aebp1,0.3333333333333333
Apmap,0.0
Adipoq,0.2
Slc25a4,0.4666666666666667
Slc25a5,0.8
Adprs,0.26666666666666666
Macrod1,0.3333333333333333
Oard1,0.4666666666666667
Nudt9,0.06666666666666667
Arf1,0.26666666666666666
Arf6,0.5333333333333333
Arfgap1,0.4
Arfgap2,0.26666666666666666
Arl1,0.4
Arl3,0.4666666666666667
Arl8b,0.4666666666666667
Fdx1,0.0
Afdn,0.3333333333333333
Afm,0.26666666666666666
Afg1l,0.4
Afg3l2,0.3333333333333333
Akr7a2,0.13333333333333333
Aip,0.4666666666666667
Akap1,0.0
Akap12,0.2
Akap2,0.5333333333333333
Akap8,0.4666666666666667
Akap8l,0.4666666666666667
Gpt,0.3333333333333333
Gpt2,0.13333333333333333
Aars1,0.13333333333333333
Aars2,0.13333333333333333
Aarsd1,0.0
Alb,0.06666666666666667
Adh1,0.3333333333333333
Adh5,0.3333333333333333
Aldh3a1,0.13333333333333333
Aldh2,0.6
Akr1a1,0.4666666666666667
Akr1b1,0.4
Akr1b8,0.6
Alpl,0.13333333333333333
Orm1,0.2
Serpina1a,0.06666666666666667
Serpina1b,0.26666666666666666
Serpina1d,0.0
Serpina1e,0.13333333333333333
Snta1,0.3333333333333333
Serpinf2,0.3333333333333333
Ahsg,0.13333333333333333
Lrpap1,0.26666666666666666
Actn1,0.26666666666666666
Actn2,0.6
Actn3,0.0
Actn4,0.26666666666666666
Add1,0.4
Aldh7a1,0.3333333333333333
Amy1,0.3333333333333333
Actr1a,0.4666666666666667
Cryab,0.2
Ensa,0.3333333333333333
Eno1,0.5333333333333333
Alkbh3,0.4666666666666667
Fto,0.4
Man2c1,0.3333333333333333
Amacr,0.26666666666666666
Parva,0.0
Alpk3,0.2
Sgca,0.5333333333333333
Napa,0.6
Snca,0.4
Txlna,0.26666666666666666
Aimp1,0.26666666666666666
Aimp2,0.2
Acy1,0.3333333333333333
Rnpep,0.0
Anpep,0.0
Ampd1,0.3333333333333333
Ampd3,0.13333333333333333
Zfand2b,0.4
Ciapin1,0.4
Amotl1,0.4
Angptl7,0.6
Ace,0.7333333333333333
Agt,0.0
Asb10,0.26666666666666666
Asb13,0.3333333333333333
Asb16,0.0
Asb2,0.4
Ankrd1,0.2
Ankrd2,0.4666666666666667
Ankrd23,0.0
Ank1,0.06666666666666667
Ank2,0.6
Ank3,0.2
Anxa1,0.26666666666666666
Anxa11,0.7333333333333333
Anxa2,0.3333333333333333
Anxa3,0.13333333333333333
Anxa4,0.2
Anxa5,0.3333333333333333
Anxa6,0.7333333333333333
Anxa7,0.4666666666666667
Anxa8,0.06666666666666667
Ano10,0.4666666666666667
Serpinc1,0.3333333333333333
Ap1b1,0.6
Ap1g1,0.7333333333333333
Ap2a1,0.3333333333333333
Ap2b1,0.2
Ap2m1,0.13333333333333333
Apoa1,0.13333333333333333
Apoa2,0.06666666666666667
Apoa4,0.4
Apoc1,0.4666666666666667
Apoc3,0.6
Apoe,0.26666666666666666
Pycard,0.3333333333333333
Aifm1,0.6
Acin1,0.2
Aqp1,0.5333333333333333
Git2,0.3333333333333333
Agfg1,0.3333333333333333
Agfg2,0.26666666666666666
Asap2,0.26666666666666666
Arg1,0.0
Ndufaf5,0.5333333333333333
Rars1,0.0
Ass1,0.26666666666666666
Ate1,0.4666666666666667
Armc1,0.13333333333333333
Arpin,0.6
As3mt,0.13333333333333333
NARS1,0.06666666666666667
Got1,0.5333333333333333
Got2,0.4666666666666667
Dars1,0.7333333333333333
Aspa,0.26666666666666666
Dnpep,0.2
Asph,0.4
Aspn,0.0
Pea15,0.3333333333333333
Atxn10,0.26666666666666666
Atxn2,0.4
Atxn2l,0.2
Atl2,0.4
Atl3,0.5333333333333333
Atp5pb,0.4666666666666667
Atp5mk,0.0
Atpaf1,0.3333333333333333
Mtatp8,0.6
Atp5f1a,0.8
Atp5f1b,0.6
Atp5pd,0.0
Atp5f1d,0.7333333333333333
Atp5me,0.4666666666666667
Atp5f1e,0.4666666666666667
Atp5mf,0.6666666666666666
Atp5mg,0.13333333333333333
Atp5f1c,0.6
Atp5po,0.8
Dmac2l,0.4
Atp5pf,0.2
Atad3,0.4666666666666667
Spata5,0.3333333333333333
Get3,0.4
Atp5if1,0.3333333333333333
Abcb6,0.4666666666666667
Abce1,0.3333333333333333
Abcf1,0.6666666666666666
Abcf2,0.26666666666666666
Acly,0.6
Naxd,0.4
Pfkm,0.6666666666666666
Clpx,0.13333333333333333
Clpp,0.3333333333333333
Dhx9,0.4
Ddx1,0.6666666666666666
Ddx19a,0.4666666666666667
Ddx3x,0.6666666666666666
Ddx3y,0.3333333333333333
Ddx42,0.4
Ddx50,0.6666666666666666
Coq8a,0.4666666666666667
Bag1,0.6
Bag2,0.3333333333333333
Bag3,0.26666666666666666
Slc4a1,0.13333333333333333
Epb41l2,0.7333333333333333
Epb41l3,0.13333333333333333
Banf1,0.26666666666666666
Bcam,0.0
Hspg2,0.6666666666666666
Bzw2,0.6666666666666666
Bsg,0.3333333333333333
Bclaf1,0.4
Bcl2l13,0.4666666666666667
Sntb1,0.6
Apoh,0.13333333333333333
B2m,0.4
Sntb2,0.4
Actbl2,0.4666666666666667
Grk2,0.3333333333333333
Actr1b,0.4666666666666667
Eno3,0.3333333333333333
Bhmt,0.26666666666666666
Parvb,0.0
Sgcb,0.0
Txlnb,0.4
Coasy,0.6
Ephx2,0.4
Eprs1,0.7333333333333333
Pnkp,0.13333333333333333
Atic,0.26666666666666666
Bgn,0.26666666666666666
Blvra,0.3333333333333333
Enpp4,0.4666666666666667
Nudt2,0.3333333333333333
Bpgm,0.06666666666666667
Blmh,0.06666666666666667
Bves,0.8
Bola1,0.26666666666666666
Bola2,0.06666666666666667
Bola3,0.13333333333333333
Basp1,0.3333333333333333
Bcat2,0.06666666666666667
Bcas1,0.3333333333333333
Bin2,0.4666666666666667
Babam1,0.6
Babam2,0.4
Brox,0.4666666666666667
Bsdc1,0.3333333333333333
Kctd12,0.0
Kctd9,0.8
Apobec2,0.06666666666666667
Mthfd1,0.2
C2cd2,0.13333333333333333
C4bpa,0.13333333333333333
Cad,0.0
Cdh13,0.0
Chp1,0.3333333333333333
Ppp3r1,0.6666666666666666
Rcan1,0.4
Mcu,0.4
Camk1,0.4666666666666667
Camk2a,0.3333333333333333
Camk2b,0.2
Camk2d,0.4
Camk2g,0.3333333333333333
Slc25a12,0.4
Cab39,0.0
Carhsp1,0.5333333333333333
Cacybp,0.7333333333333333
Calm1,0.26666666666666666
Canx,0.3333333333333333
Capns1,0.2
Capn1,0.5333333333333333
Capn2,0.5333333333333333
Capn3,0.26666666666666666
Cast,0.13333333333333333
Cnn1,0.5333333333333333
Cnn2,0.3333333333333333
Cnn3,0.06666666666666667
Calr,0.06666666666666667
Casq1,0.26666666666666666
Casq2,0.4666666666666667
Calu,0.06666666666666667
Prkaca,0.2
Prkacb,0.3333333333333333
Pkia,0.13333333333333333
Prkar1a,0.3333333333333333
Prkar2a,0.6
Prkar2b,0.26666666666666666
Arpp19,0.4666666666666667
Ntpcr,0.26666666666666666
Clip1,0.0
Caprin1,0.13333333333333333
Rcsd1,0.06666666666666667
Cps1,0.0
Ca1,0.6
Ca2,0.4666666666666667
Ca3,0.4
Cbr1,0.3333333333333333
Cbr2,0.06666666666666667
Cbr4,0.3333333333333333
Ces1c,0.0
Ces1d,0.06666666666666667
Cmbl,0.3333333333333333
Cpe,0.6
CEFIP,0.6
Cmya5,0.4666666666666667
Crat,0.6
Cpt1b,0.6666666666666666
Cpt2,0.5333333333333333
Carnmt1,0.6
Carns1,0.4666666666666667
Cilp,0.5333333333333333
Cilp2,0.2
Comp,0.0
Csnk2a1,0.4666666666666667
Csnk2b,0.0
Clpb,0.6
Cat,0.4
Comt,0.3333333333333333
Ctnna1,0.06666666666666667
Ctnnb1,0.0
Ctnnd1,0.06666666666666667
Ctsb,0.6
Ctsd,0.2
Ctss,0.6666666666666666
Ctsz,0.26666666666666666
Cavin1,0.4666666666666667
Cavin2,0.2
Cavin3,0.26666666666666666
Cavin4,0.2
Cav1,0.2
Cav3,0.26666666666666666
Trnt1,0.3333333333333333
Cd2ap,0.2
Cd44,0.26666666666666666
Cd81,0.4
Cd9,0.26666666666666666
Cd99l2,0.4
Cdc42ep1,0.13333333333333333
Cdc42ep4,0.3333333333333333
Trip10,0.26666666666666666
Cisd1,0.4666666666666667
Cisd2,0.26666666666666666
Cisd3,0.4
Cacul1,0.4
Ccar2,0.5333333333333333
Cdc42,0.2
Cdc5l,0.06666666666666667
Ccar1,0.6
Mcam,0.26666666666666666
Cnbp,0.0
Cenpv,0.8
Cep131,0.0
Cep68,0.4666666666666667
Cep89,0.5333333333333333
Cert1,0.06666666666666667
Cdnf,0.13333333333333333
Cp,0.6
Cggbp1,0.26666666666666666
Chmp2a,0.3333333333333333
Chmp4b,0.26666666666666666
Chmp5,0.26666666666666666
Chil3,0.4
Clic1,0.4666666666666667
Clic4,0.06666666666666667
Clic5,0.6
Slc44a2,0.6
Chkb,0.4
Pcyt1a,0.4666666666666667
Chad,0.4
Bap18,0.13333333333333333
Chtop,0.5333333333333333
Cbx1,0.0
Cbx3,0.4666666666666667
Chd4,0.0
Cma1,0.13333333333333333
Clybl,0.3333333333333333
Cs,0.4666666666666667
Spag9,0.13333333333333333
Cltc,0.26666666666666666
Clta,0.6666666666666666
Cltb,0.26666666666666666
Nudt21,0.4666666666666667
Cpsf6,0.06666666666666667
Cpsf7,0.3333333333333333
Cstf1,0.3333333333333333
Cstf2,0.5333333333333333
Cstf2t,0.4
Clasp1,0.13333333333333333
Cluh,0.26666666666666666
Clu,0.4
Mycbp,0.4
Cotl1,0.2
F12,0.2
F13a1,0.4
F13b,0.5333333333333333
Copa,0.4
Copb1,0.26666666666666666
Copb2,0.4
Arcn1,0.4666666666666667
Cope,0.13333333333333333
Cbwd1,0.06666666666666667
Cfl1,0.4666666666666667
Cfl2,0.6
Cc2d1a,0.2
Cc2d1b,0.26666666666666666
Ccdc115,0.4
Ccdc124,0.5333333333333333
Ccdc134,0.3333333333333333
Ccdc22,0.0
Ccdc25,0.0
Ccdc43,0.06666666666666667
Ccdc6,0.0
Ccdc91,0.0
Chchd2,0.6
Chchd7,0.5333333333333333
Csde1,0.26666666666666666
Cirbp,0.26666666666666666
Col1a1,0.6
Col2a1,0.06666666666666667
Col3a1,0.06666666666666667
Col4a1,0.06666666666666667
Col5a1,0.0
Col6a1,0.4
Col12a1,0.2
Col14a1,0.2
Col15a1,0.6666666666666666
Col18a1,0.4666666666666667
Col28a1,0.4
Col1a2,0.6666666666666666
Col4a2,0.13333333333333333
Col5a2,0.8
Col6a2,0.2
Col6a6,0.06666666666666667
C3,0.06666666666666667
C4b,0.06666666666666667
C5,0.2
C1qbp,0.4666666666666667
C8b,0.4
C8g,0.6
C9,0.3333333333333333
Cfb,0.26666666666666666
Cfd,0.6
Cfh,0.3333333333333333
Cfi,0.06666666666666667
Acad9,0.0
Ndufaf1,0.3333333333333333
Lyrm7,0.6666666666666666
Gps1,0.5333333333333333
Cops2,0.2
Cops3,0.0
Cops4,0.0
Cops5,0.2
Cops6,0.4666666666666667
Cops7a,0.06666666666666667
Cops7b,0.4
Cops8,0.4
Cpne1,0.4
Cpne2,0.4
Cpne3,0.0
Ccs,0.2
Cutc,0.6
Atox1,0.6
Cobll1,0.6666666666666666
Macroh2a1,0.2
Cbfb,0.26666666666666666
Coro1a,0.13333333333333333
Coro1b,0.26666666666666666
Coro1c,0.06666666666666667
Coro6,0.4
Coro7,0.4
Mmab,0.2
Hsd11b1,0.4
Serpina6,0.3333333333333333
Abracl,0.26666666666666666
Cmc2,0.4666666666666667
Cmc1,0.2
Cfdp1,0.0
Ckb,0.06666666666666667
Ckm,0.06666666666666667
Ckmt2,0.6
Crkl,0.3333333333333333
Ctbp1,0.3333333333333333
Ctps1,0.2
Clec10a,0.2
Mrc2,0.26666666666666666
Cuedc1,0.5333333333333333
Cuedc2,0.4
Celf2,0.0
Cul3,0.7333333333333333
Cul4a,0.13333333333333333
Cul5,0.3333333333333333
Cand1,0.26666666666666666
Cand2,0.3333333333333333
Czib,0.2
Cdkn2c,0.06666666666666667
Cdkn1b,0.0
Cdk5,0.06666666666666667
Cyrib,0.26666666666666666
Cstb,0.3333333333333333
Cst3,0.26666666666666666
Csrp1,0.6666666666666666
Csrp2,0.13333333333333333
Csrp3,0.6
Chordc1,0.4
Nfs1,0.26666666666666666
Atg4a,0.06666666666666667
Crip1,0.4
Crip2,0.06666666666666667
Cars1,0.4666666666666667
Cyb5a,0.3333333333333333
Cyb5b,0.26666666666666666
Uqcrc1,0.8
Uqcrc2,0.5333333333333333
Uqcrh,0.4666666666666667
Uqcrb,0.4666666666666667
Uqcrq,0.0
Uqcr10,0.4666666666666667
Uqcrfs1,0.7333333333333333
COA4,0.6666666666666666
Coa6,0.2
Coa7,0.26666666666666666
Cox20,0.3333333333333333
Cox17,0.26666666666666666
Mtco1,0.4
Mtco2,0.06666666666666667
Cox4i1,0.4666666666666667
Cox5a,0.6
Cox5b,0.6666666666666666
Cox6a1,0.3333333333333333
Cox6a2,0.6666666666666666
Cox6b1,0.26666666666666666
Cox6c,0.06666666666666667
Cox7a1,0.2
Cox7a2,0.4
Cox7c,0.06666666666666667
Ndufa4,0.5333333333333333
Cycs,0.4666666666666667
Cyc1,0.26666666666666666
Crlf3,0.4
Aco1,0.2
Dync1h1,0.7333333333333333
Dync1i2,0.4
Dync1li1,0.26666666666666666
Dync1li2,0.3333333333333333
Nck2,0.4
Ckap4,0.26666666666666666
Ckap5,0.4666666666666667
Lap3,0.5333333333333333
Aldh1l1,0.26666666666666666
Nt5c1a,0.0
Nt5c3a,0.7333333333333333
Acot7,0.6
Nubp2,0.13333333333333333
Ciao2b,0.0
Cndp2,0.6666666666666666
Phgdh,0.0
Armt1,0.3333333333333333
Dtd1,0.0
Dtd2,0.26666666666666666
Dazap1,0.3333333333333333
Bdh1,0.4666666666666667
Znf326,0.4
Appl1,0.3333333333333333
Dcun1d2,0.2
Dcaf11,0.26666666666666666
Dcaf6,0.0
Dcaf7,0.6
Dcaf8,0.26666666666666666
Ddt,0.3333333333333333
Nit1,0.6
Cradd,0.3333333333333333
Dcn,0.5333333333333333
Dhrs11,0.4
Dhrs4,0.0
Dhrs7c,0.06666666666666667
Lbr,0.8
Ech1,0.4
Aldh4a1,0.13333333333333333
Alad,0.0
Sgcd,0.0
Denr,0.0
Dguok,0.2
Dohh,0.2
Dhps,0.5333333333333333
Samhd1,0.4
Deptor,0.3333333333333333
Dcakd,0.0
Dpt,0.5333333333333333
Des,0.6666666666666666
Dsp,0.13333333333333333
Dstn,0.06666666666666667
Otud6b,0.13333333333333333
Drg1,0.0
Dglucy,0.4
Dld,0.5333333333333333
Dlat,0.4666666666666667
Dlst,0.13333333333333333
Dhodh,0.2
Qdpr,0.4
Dpysl2,0.26666666666666666
Dpysl3,0.4666666666666667
Dpep1,0.06666666666666667
Ctsc,0.3333333333333333
Dpp7,0.3333333333333333
Dpp3,0.6
Nudt3,0.2
Dab2,0.26666666666666666
Dlg1,0.13333333333333333
Ddb1,0.5333333333333333
Dffa,0.06666666666666667
Top1,0.3333333333333333
Polr2a,0.26666666666666666
Polr2i,0.06666666666666667
Dnaja1,0.2
Dnaja2,0.26666666666666666
Dnaja3,0.7333333333333333
Dnaja4,0.6
Dnajb1,0.0
Dnajb11,0.0
Dnajb12,0.4
Dnajb4,0.26666666666666666
Dnajb5,0.26666666666666666
Dnajc11,0.06666666666666667
Dnajc28,0.2
Dnajc3,0.2
Dnajc7,0.6
Dnajc8,0.13333333333333333
Dnajc9,0.06666666666666667
Ddost,0.6
Rpn1,0.6666666666666666
Rpn2,0.3333333333333333
Rad21,0.6666666666666666
Stau2,0.26666666666666666
Dbn1,0.6666666666666666
Dbnl,0.06666666666666667
Map2k1,0.5333333333333333
Map2k2,0.4666666666666667
Map2k3,0.4
Map2k4,0.4666666666666667
Map2k6,0.8
Dusp28,0.4
Dusp29,0.13333333333333333
Dusp23,0.26666666666666666
Dusp3,0.3333333333333333
Dctn1,0.8
Dctn2,0.0
Dctn3,0.13333333333333333
Dctn4,0.6
Dnm1,0.4
Dnm1l,0.6
Dnm2,0.8
Opa1,0.3333333333333333
Dynll2,0.5333333333333333
Dynlrb1,0.4
Dynlt1,0.4666666666666667
Dysf,0.7333333333333333
Dtna,0.3333333333333333
Dag1,0.4666666666666667
Dmd,0.26666666666666666
Arih1,0.3333333333333333
Arih2,0.0
Stub1,0.3333333333333333
Hectd1,0.4
Huwe1,0.3333333333333333
Kcmf1,0.0
Marchf5,0.3333333333333333
Nedd4,0.0
Ppp1r11,0.4666666666666667
Rbx1,0.13333333333333333
Rnf114,0.3333333333333333
Rnf123,0.6666666666666666
Rnf181,0.2
Trim32,0.0
Trim63,0.06666666666666667
Trip12,0.26666666666666666
Ubr4,0.6
Znf598,0.13333333333333333
Znrf2,0.4666666666666667
Eea1,0.26666666666666666
Eipr1,0.3333333333333333
Eml1,0.06666666666666667
Eml2,0.4
Art3,0.0
Entpd2,0.3333333333333333
Eef1akmt1,0.4666666666666667
Efhd2,0.13333333333333333
Efemp1,0.2
Egln1,0.6
Ehbp1,0.13333333333333333
Ehbp1l1,0.0
Ehd1,0.13333333333333333
Ehd2,0.4666666666666667
Ehd3,0.4666666666666667
Ehd4,0.4666666666666667
Gcn1,0.4666666666666667
Gon7,0.4666666666666667
Tprkb,0.0
Elavl1,0.6
Etfrf1,0.2
Etfa,0.4
Etfb,0.6666666666666666
Etfdh,0.4
Erc1,0.6666666666666666
Eef1a1,0.2
Eef1a2,0.2
Eef1b,0.3333333333333333
Eef1d,0.8
Eef1g,0.4666666666666667
Eef2,0.4666666666666667
Gfm1,0.4666666666666667
Tsfm,0.6666666666666666
Tufm,0.2
Efl1,0.2
Elob,0.4
Eloc,0.3333333333333333
Evl,0.4
Eng,0.3333333333333333
Endog,0.26666666666666666
Eepd1,0.6666666666666666
Sh3gl1,0.6
Sh3glb1,0.4
Sh3glb2,0.5333333333333333
Hspa5,0.4
Erp29,0.26666666666666666
Erp44,0.26666666666666666
Hsp90b1,0.6666666666666666
Lactb2,0.2
Esam,0.3333333333333333
Edf1,0.6
Erh,0.4
Enoph1,0.26666666666666666
Mecr,0.4
Eci1,0.4
Eci2,0.26666666666666666
Echdc2,0.2
Echdc3,0.06666666666666667
Echs1,0.5333333333333333
Epx,0.0
Egfr,0.2
Eps15,0.13333333333333333
Eps15l1,0.6
Sdr39u1,0.6
Ephx1,0.06666666666666667
Epn1,0.3333333333333333
Epn2,0.26666666666666666
Emc2,0.7333333333333333
Mmgt1,0.13333333333333333
Emc7,0.06666666666666667
Emc8,0.6666666666666666
Erbin,0.06666666666666667
Eri3,0.13333333333333333
Erlin2,0.3333333333333333
Smdt1,0.6666666666666666
nan,0.26666666666666666
Akr1c6,0.6666666666666666
Hsd17b8,0.6666666666666666
Esr1,0.4666666666666667
Pcyt2,0.3333333333333333
Echdc1,0.26666666666666666
Eif4a1,0.3333333333333333
Eif4a2,0.3333333333333333
Gspt1,0.6
Etf1,0.26666666666666666
Eif1,0.4
Eif1a,0.2
Eif1b,0.2
Eif2s1,0.5333333333333333
Eif2s2,0.6
Eif2s3x,0.4666666666666667
Eif2s3y,0.26666666666666666
Eif2a,0.26666666666666666
Eif2d,0.26666666666666666
Eif3a,0.6666666666666666
Eif3b,0.26666666666666666
Eif3c,0.2
Eif3d,0.4666666666666667
Eif3e,0.6
Eif3f,0.3333333333333333
Eif3g,0.4666666666666667
Eif3h,0.13333333333333333
Eif3i,0.5333333333333333
Eif3j1,0.0
Eif3k,0.5333333333333333
Eif3l,0.4
Eif3m,0.8
Eif4g1,0.2
Eif4g2,0.3333333333333333
Eif4g3,0.13333333333333333
Eif4b,0.3333333333333333
Eif4e,0.06666666666666667
Eif4e3,0.4666666666666667
Eif4ebp1,0.06666666666666667
Eif4ebp2,0.26666666666666666
Eif4h,0.06666666666666667
Eif5,0.3333333333333333
Eif5a,0.26666666666666666
Eif5b,0.0
Eif6,0.06666666666666667
Ecsit,0.2
Exoc4,0.13333333333333333
Prune1,0.13333333333333333
Xpo1,0.13333333333333333
Cse1l,0.06666666666666667
Esyt1,0.13333333333333333
Esyt2,0.3333333333333333
Ecm1,0.26666666666666666
Sod3,0.5333333333333333
Capza1,0.3333333333333333
Capza2,0.2
Capzb,0.2
Gfer,0.3333333333333333
Fubp1,0.2
Khsrp,0.3333333333333333
Fdps,0.5333333333333333
Fadd,0.6
Faf1,0.6666666666666666
Fscn1,0.13333333333333333
Tbrg4,0.4666666666666667
Fitm1,0.5333333333333333
Fasn,0.13333333333333333
Fabp5,0.4
Fabp4,0.26666666666666666
Fabp3,0.26666666666666666
Fabp1,0.13333333333333333
Fbxo40,0.26666666666666666
Fbxo6,0.4666666666666667
Fermt2,0.13333333333333333
Fdx2,0.5333333333333333
Fth1,0.6
Ftl1,0.26666666666666666
Fech,0.13333333333333333
Fetub,0.13333333333333333
Fhod1,0.0
Fbn1,0.4
Fga,0.6666666666666666
Fgb,0.6666666666666666
Fgg,0.3333333333333333
Fgf1,0.3333333333333333
Fmod,0.3333333333333333
Fn1,0.4
Fsd2,0.4
Fbln1,0.5333333333333333
Fbln5,0.2
Flg2,0.06666666666666667
Filip1l,0.3333333333333333
Flna,0.4
Filip1,0.4
Flnb,0.7333333333333333
Flnc,0.8666666666666667
Blvrb,0.2
Foxo1,0.3333333333333333
Fhl1,0.4
Fhl3,0.26666666666666666
Fxr1,0.2
Fxr2,0.5333333333333333
Fn3k,0.26666666666666666
Fbp1,0.3333333333333333
Fbp2,0.26666666666666666
Tigar,0.6
Aldoa,0.3333333333333333
Aldob,0.3333333333333333
Aldoc,0.4666666666666667
Fh,0.2
Fah,0.4666666666666667
Fahd2,0.2
Fundc2,0.4666666666666667
Fyco1,0.4666666666666667
Galk1,0.3333333333333333
Lgals1,0.3333333333333333
Lgals3,0.0
Lgals3bp,0.0
Lgals7,0.06666666666666667
Lgals9,0.06666666666666667
Lgalsl,0.0
Add3,0.4
Gabarapl2,0.6
Eno2,0.4
Ggact,0.06666666666666667
Ggct,0.06666666666666667
Sgcg,0.4666666666666667
Napg,0.4
Sncg,0.26666666666666666
H6pd,0.0
Gfus,0.3333333333333333
Gsn,0.2
Gtf2i,0.5333333333333333
Uso1,0.4666666666666667
Gphn,0.13333333333333333
Rabggta,0.3333333333333333
Gmfb,0.4666666666666667
Gmfg,0.3333333333333333
Serpine2,0.3333333333333333
Nr3c1,0.6666666666666666
Gnpnat1,0.26666666666666666
Gnpda1,0.2
Pgm2l1,0.5333333333333333
G6pdx,0.4
Gpi,0.13333333333333333
Gid8,0.0
Prkcsh,0.26666666666666666
Glud1,0.26666666666666666
Gclm,0.2
Gls,0.6666666666666666
Gatd1,0.26666666666666666
Gatd3a,0.6
Glul,0.13333333333333333
Qars1,0.4666666666666667
Qrsl1,0.13333333333333333
Gatc,0.3333333333333333
Glrx,0.3333333333333333
Glrx2,0.2
Glrx3,0.0
Glrx5,0.4
Gcdh,0.3333333333333333
Gpx1,0.6666666666666666
Gpx3,0.4666666666666667
Gpx7,0.0
Gsr,0.4
Gsta3,0.4
Gsta4,0.0
Gstk1,0.6666666666666666
Lancl1,0.4
Gstm1,0.3333333333333333
Gstm2,0.2
Gstm5,0.2
Gstm7,0.0
Gsto1,0.3333333333333333
Gstp1,0.4666666666666667
Gstt2,0.4666666666666667
Gss,0.3333333333333333
Gapdh,0.26666666666666666
Gpd1,0.3333333333333333
Gpd1l,0.3333333333333333
Gpd2,0.6666666666666666
Pgp,0.4666666666666667
Gpcpd1,0.2
Gcsh,0.5333333333333333
Gnmt,0.2
Gars1,0.5333333333333333
Gys1,0.8
Pygb,0.06666666666666667
Pygm,0.4
Gsk3a,0.26666666666666666
Gsk3b,0.3333333333333333
Gyg1,0.3333333333333333
Gltp,0.4666666666666667
Gtdc1,0.3333333333333333
Nmt1,0.2
Glod4,0.2
Grhpr,0.26666666666666666
Gpc1,0.6666666666666666
Gmpr,0.6
Gmps,0.3333333333333333
Gorasp1,0.13333333333333333
Gorasp2,0.13333333333333333
Glipr2,0.26666666666666666
Golga2,0.26666666666666666
Golga3,0.26666666666666666
Gripap1,0.3333333333333333
Grb2,0.4
Grpel1,0.7333333333333333
Ak3,0.2
Gimap4,0.2
Kras,0.2
Nras,0.06666666666666667
Ran,0.06666666666666667
Gtpbp1,0.26666666666666666
Sar1a,0.5333333333333333
Sar1b,0.3333333333333333
Gamt,0.13333333333333333
Gda,0.26666666666666666
Gnai2,0.06666666666666667
Gng12,0.2
Gng5,0.2
Gnb1,0.6666666666666666
Gnb2,0.6
Gnas,0.0
Gna11,0.26666666666666666
Hddc3,0.4
Guk1,0.5333333333333333
Nhp2,0.3333333333333333
Dkc1,0.4
H2-D1,0.4
H2-K1,0.5333333333333333
H2-Ab1,0.5333333333333333
Hdhd5,0.4666666666666667
Hdhd2,0.4
Hp,0.5333333333333333
Hbs1l,0.2
Hs1bp3,0.06666666666666667
Hspa12a,0.06666666666666667
Hspa1b,0.4666666666666667
Hspa1l,0.2
Hspa4,0.6666666666666666
Hspa4l,0.4
Hspa8,0.4666666666666667
Hsph1,0.4666666666666667
Trap1,0.6666666666666666
Hspb1,0.7333333333333333
Hspb2,0.4
Hspb3,0.26666666666666666
Hspb6,0.4
Hspb7,0.7333333333333333
Hspb8,0.3333333333333333
Hsp90aa1,0.2
Hsp90ab1,0.7333333333333333
Hspa2,0.6
Hcls1,0.4666666666666667
Cd34,0.26666666666666666
Hmox2,0.0
Hebp1,0.3333333333333333
Hebp2,0.4666666666666667
Hba,0.3333333333333333
Hbb-b1,0.4
Hbb-b2,0.5333333333333333
Hpx,0.0
Serpind1,0.06666666666666667
Hgs,0.8
Hdgf,0.2
Hdgfl2,0.4
Hp1bp3,0.0
Hnrnpab,0.26666666666666666
Hnrnpa0,0.26666666666666666
Hnrnpa1,0.3333333333333333
Hnrnpa3,0.3333333333333333
Hnrnpd,0.26666666666666666
Hnrnpdl,0.6
Hnrnpf,0.26666666666666666
Hnrnph1,0.4666666666666667
Hnrnph2,0.26666666666666666
Hnrnpk,0.7333333333333333
Hnrnpl,0.4666666666666667
Hnrnpll,0.4
Hnrnpm,0.3333333333333333
Syncrip,0.6666666666666666
Hnrnpu,0.3333333333333333
Hnrnpul1,0.6666666666666666
Hnrnpul2,0.2
Hnrnpa2b1,0.4
Hnrnpc,0.3333333333333333
Hk1,0.26666666666666666
Hk2,0.6666666666666666
Hmgn5,0.5333333333333333
Hmgb1,0.2
Hmgb2,0.13333333333333333
Hmga1,0.0
Hpcal1,0.4
Hint1,0.6
Hint2,0.0
Hrg,0.06666666666666667
Hars1,0.2
H1-0,0.0
H1-1,0.4666666666666667
H1-2,0.5333333333333333
H1-3,0.6666666666666666
H1-4,0.2
H1-5,0.26666666666666666
H2ac4,0.4666666666666667
H2ac21,0.7333333333333333
H2az1,0.4666666666666667
H2bc7,0.4666666666666667
H3c1,0.4
H4c1,0.0
Carm1,0.3333333333333333
Rbbp4,0.5333333333333333
Rbbp7,0.6666666666666666
Setd7,0.26666666666666666
Smyd1,0.3333333333333333
Htatsf1,0.2
Homer1,0.4666666666666667
Homer2,0.3333333333333333
Lipe,0.3333333333333333
Hcfc1,0.6666666666666666
St13,0.5333333333333333
Hspbp1,0.26666666666666666
Cdc37,0.6666666666666666
Hypk,0.0
Adhfe1,0.2
Hadh,0.26666666666666666
Hagh,0.4
Hmgcl,0.06666666666666667
Hsdl2,0.6
Hprt1,0.4
Hyou1,0.4
Hif1an,0.26666666666666666
Ighg1,0.0
Igh-3,0.2
Gm5571,0.0
Ighm,0.0
Igkc,0.4
Igbp1,0.06666666666666667
Igfn1,0.3333333333333333
Kpna4,0.13333333333333333
Kpna3,0.3333333333333333
Kpna1,0.5333333333333333
Kpna6,0.6666666666666666
Kpnb1,0.13333333333333333
Ipo5,0.06666666666666667
Ipo7,0.2
Ipo9,0.5333333333333333
Sumf2,0.26666666666666666
Plcl2,0.6
Vrk3,0.06666666666666667
Inmt,0.4666666666666667
Ivns1abp,0.26666666666666666
Ica,0.4666666666666667
Ppa1,0.26666666666666666
Ppa2,0.06666666666666667
Itpa,0.4666666666666667
Impdh2,0.26666666666666666
Impa1,0.2
Inpp1,0.6666666666666666
Isyna1,0.26666666666666666
Irs1,0.5333333333333333
Ide,0.26666666666666666
Igfbp5,0.4666666666666667
Igfbp7,0.13333333333333333
Itga6,0.4
Itga7,0.5333333333333333
Itgam,0.06666666666666667
Itgb1,0.3333333333333333
Itgb1bp2,0.4666666666666667
Ilk,0.06666666666666667
Itih4,0.06666666666666667
Itih1,0.3333333333333333
Itih2,0.0
Itih3,0.2
Itih5,0.4666666666666667
Irf2bp2,0.4
Ifi204,0.13333333333333333
Mnda,0.26666666666666666
Ifi35,0.2
Ilf2,0.9333333333333333
Ilf3,0.06666666666666667
Il1rap,0.4
Itsn1,0.4
Isca1,0.7333333333333333
Isca2,0.5333333333333333
Iscu,0.4666666666666667
Hscb,0.0
Nubpl,0.2
Iah1,0.3333333333333333
Asrgl1,0.6666666666666666
Acad8,0.6
Isoc1,0.7333333333333333
Isoc2a,0.7333333333333333
Idh3a,0.0
Idh3g,0.6
Idh1,0.06666666666666667
Idh2,0.26666666666666666
Iars1,0.5333333333333333
Iars2,0.4
Ivd,0.7333333333333333
Jup,0.6
Jsrp1,0.4
Jph1,0.26666666666666666
Jph2,0.0
Jpt1,0.4
Kbtbd13,0.6666666666666666
Klhl22,0.3333333333333333
Klhl31,0.26666666666666666
Klhl40,0.6
Klhl41,0.6666666666666666
Kera,0.06666666666666667
Crym,0.0
Fn3krp,0.3333333333333333
Khdrbs1,0.4
Ksr1,0.26666666666666666
Ktn1,0.4
Klc1,0.4
Klc2,0.26666666666666666
Klc4,0.6
Kif5b,0.0
Kif1b,0.4
Kif1c,0.13333333333333333
Kng1,0.7333333333333333
Kank3,0.3333333333333333
Kyat1,0.4
Kyat3,0.3333333333333333
L2hgdh,0.4666666666666667
Mfge8,0.06666666666666667
Glo1,0.6666666666666666
Epm2a,0.6666666666666666
Tmpo,0.3333333333333333
Lmnb1,0.8
Lmnb2,0.13333333333333333
Lama2,0.4
Lama4,0.26666666666666666
Lamb1,0.0
Lamb2,0.7333333333333333
Lamc1,0.4
Lancl2,0.5333333333333333
Larp1,0.26666666666666666
Larp4,0.13333333333333333
Bag6,0.26666666666666666
Ltbp4,0.06666666666666667
Lxn,0.3333333333333333
Lgmn,0.2
Lmod2,0.5333333333333333
Lmod3,0.4666666666666667
Lztfl1,0.4
Lrpprc,0.8666666666666667
Lrrfip1,0.4666666666666667
Shoc2,0.3333333333333333
Lrrc2,0.4
Lrrc20,0.3333333333333333
Lrrc39,0.13333333333333333
Lrrc47,0.2
Lrrc59,0.2
Lars1,0.5333333333333333
Serpinb1a,0.6
Lta4h,0.26666666666666666
Limch1,0.3333333333333333
Lmcd1,0.6666666666666666
Lims1,0.26666666666666666
Lims2,0.4
Lasp1,0.0
Lima1,0.4666666666666667
Ldb3,0.3333333333333333
Limd1,0.26666666666666666
Limd2,0.6
Dbt,0.0
Lpp,0.3333333333333333
Lpl,0.6666666666666666
Ldha,0.13333333333333333
Ldhb,0.4
Ldhc,0.2
Lonp1,0.7333333333333333
Slc27a1,0.4666666666666667
Acadl,0.4666666666666667
Acsl1,0.4666666666666667
Acsl6,0.4666666666666667
Acp1,0.4666666666666667
Mesd,0.4666666666666667
Lum,0.06666666666666667
Ssb,0.3333333333333333
Lyve1,0.0
Ly6c1,0.3333333333333333
Lsp1,0.4666666666666667
Lyrm4,0.4666666666666667
Brcc3,0.13333333333333333
Kars1,0.26666666666666666
Acp6,0.26666666666666666
Gaa,0.3333333333333333
Man2b1,0.13333333333333333
Ctsa,0.3333333333333333
Lamp1,0.4
Lamp2,0.4
Lyz2,0.5333333333333333
Dcps,0.5333333333333333
Maip1,0.6666666666666666
Csf1r,0.3333333333333333
Mrc1,0.26666666666666666
Mif,0.06666666666666667
Capg,0.13333333333333333
Mdp1,0.8
Mpp6,0.3333333333333333
Prnp,0.06666666666666667
Mup18,0.4666666666666667
Mvp,0.4666666666666667
Mdh1,0.6
Mdh2,0.3333333333333333
Mlec,0.0
Gstz1,0.4
Mcts1,0.0
Acsf3,0.0
Mlycd,0.0
Mcat,0.26666666666666666
Epdr1,0.4666666666666667
Gmppa,0.5333333333333333
Gmppb,0.4
Mpi,0.6
Mbl2,0.2
Mapkapk2,0.26666666666666666
Mapkapk3,0.06666666666666667
Mknk1,0.26666666666666666
Mark3,0.0
Map7d1,0.6666666666666666
Cpa3,0.06666666666666667
Mcpt4,0.06666666666666667
Matr3,0.26666666666666666
Mgp,0.0
Mturn,0.5333333333333333
Acsf2,0.26666666666666666
Acadm,0.3333333333333333
Aoc3,0.6
Manf,0.06666666666666667
Mta2,0.06666666666666667
Mtx1,0.4666666666666667
Mtx2,0.7333333333333333
Selenbp1,0.3333333333333333
Mat2b,0.13333333333333333
Metap1,0.6
Metap1d,0.0
Metap2,0.4
Mtr,0.6666666666666666
Msrb2,0.06666666666666667
Msrb3,0.6
Mecp2,0.06666666666666667
Mccc2,0.4666666666666667
Mccc1,0.26666666666666666
Auh,0.26666666666666666
Aldh6a1,0.3333333333333333
Mmaa,0.0
Mcee,0.5333333333333333
Mmut,0.4666666666666667
Wdr77,0.13333333333333333
Mri1,0.26666666666666666
Apip,0.4
N6amt1,0.0
Mettl26,0.2
Micos13,0.4666666666666667
Chchd3,0.0
Chchd6,0.2
Apoo,0.0
Apool,0.4666666666666667
Immt,0.8
Mfap1a,0.4
Mfap5,0.2
Mgst1,0.4666666666666667
Mgst3,0.6
Map1a,0.26666666666666666
Map1b,0.4666666666666667
Map4,0.6
Map6,0.0
Mapre1,0.4
Mapre2,0.3333333333333333
Mapre3,0.6666666666666666
Mapt,0.2
Map1lc3b,0.6
Ogn,0.5333333333333333
Aldh1l2,0.0
Slc25a11,0.5333333333333333
Mtarc2,0.2
Mavs,0.2
Slc25a20,0.3333333333333333
Mtch2,0.4
Slc25a42,0.26666666666666666
Fis1,0.4666666666666667
Mff,0.13333333333333333
Mtfp1,0.2
Mtfr1l,0.6666666666666666
Timm10,0.26666666666666666
Timm13,0.6666666666666666
Pam16,0.06666666666666667
Timm17b,0.6666666666666666
Timm44,0.6666666666666666
Timm50,0.3333333333333333
Timm8a1,0.7333333333333333
Timm8b,0.2
Timm9,0.0
Tomm22,0.13333333333333333
Tomm34,0.2
Tomm40,0.13333333333333333
Tomm70,0.4
Msra,0.3333333333333333
Ccdc51,0.4
Letm1,0.06666666666666667
Mpc1,0.4
Mpc2,0.5333333333333333
Mtres1,0.13333333333333333
Ucp3,0.0
Pmpca,0.13333333333333333
Pmpcb,0.3333333333333333
Mapk1,0.13333333333333333
Mapk12,0.3333333333333333
Mapk14,0.2
Mapk3,0.0
Mapk9,0.3333333333333333
Map3k20,0.6
Bub3,0.7333333333333333
Mob1b,0.4
Mob2,0.5333333333333333
Mob4,0.4
Msn,0.4666666666666667
Slc16a3,0.0
Mgll,0.3333333333333333
Smad4,0.6
Mospd1,0.3333333333333333
Rae1,0.3333333333333333
Aamdc,0.3333333333333333
Trmt112,0.0
Paics,0.26666666666666666
Minpp1,0.26666666666666666
Mvb12b,0.3333333333333333
Mug1,0.3333333333333333
Mbnl1,0.5333333333333333
Mlip,0.13333333333333333
Mustn1,0.4666666666666667
Mybbp1a,0.6
Bin1,0.13333333333333333
Mbp,0.5333333333333333
Myef2,0.3333333333333333
Pmp2,0.4
Mpz,0.5333333333333333
Mndal,0.0
Mlf1,0.5333333333333333
Mlf2,0.2
Myg1,0.4
Myoc,0.26666666666666666
Mb,0.13333333333333333
Myom1,0.2
Myom3,0.4
Mypn,0.3333333333333333
Myl1,0.4666666666666667
Myl3,0.0
Myl4,0.0
Myl6b,0.6
Mylk2,0.5333333333333333
Mylk,0.6
Myl6,0.4666666666666667
Myl10,0.4
Myl12b,0.6
Myl7,0.5333333333333333
Mylpf,0.7333333333333333
Myl2,0.4
Myl9,0.4
Myh1,0.5333333333333333
Myh10,0.4
Myh11,0.5333333333333333
Myh14,0.06666666666666667
Myh3,0.6
Myh4,0.0
Myh7,0.4666666666666667
Myh7b,0.2
Myh8,0.6666666666666666
Myh9,0.7333333333333333
Mybpc2,0.2
Mybph,0.0
Myot,0.5333333333333333
Mtpn,0.3333333333333333
Myoz1,0.06666666666666667
Myoz2,0.4666666666666667
Myoz3,0.6
Marcks,0.06666666666666667
Aga,0.26666666666666666
Ddah1,0.06666666666666667
Ddah2,0.26666666666666666
Slc9a3r1,0.6666666666666666
Slc9a3r2,0.4
Gns,0.4666666666666667
Cmas,0.3333333333333333
Nadk2,0.0
Nnt,0.4666666666666667
Nqo1,0.0
Nudt13,0.13333333333333333
Naxe,0.4666666666666667
Me2,0.26666666666666666
Sirt2,0.4
Sirt5,0.13333333333333333
Sirt4,0.4666666666666667
Ndufaf6,0.3333333333333333
Ndufaf2,0.26666666666666666
Ndufaf3,0.0
Ndufaf4,0.06666666666666667
Ndufa10,0.4666666666666667
Ndufa11,0.26666666666666666
Ndufa12,0.6666666666666666
Ndufa13,0.2
Ndufa2,0.4
Ndufa3,0.6
Ndufa5,0.5333333333333333
Ndufa6,0.4666666666666667
Ndufa7,0.06666666666666667
Ndufa8,0.4
Ndufa9,0.6666666666666666
Ndufb1,0.6666666666666666
Ndufb10,0.6666666666666666
Ndufb11,0.6
Ndufb3,0.4
Ndufb4,0.5333333333333333
Ndufb5,0.8
Ndufb6,0.4666666666666667
Ndufb7,0.13333333333333333
Ndufb8,0.3333333333333333
Ndufb9,0.4666666666666667
Ndufc2,0.26666666666666666
Ndufv1,0.7333333333333333
Ndufv2,0.7333333333333333
Ndufv3,0.13333333333333333
Ndufs2,0.6
Ndufs3,0.4
Ndufs4,0.4
Ndufs5,0.06666666666666667
Ndufs6,0.3333333333333333
Ndufs7,0.06666666666666667
Ndufs8,0.7333333333333333
Cyb5r1,0.6666666666666666
Cyb5r3,0.6666666666666666
Ndufs1,0.7333333333333333
Mtnd1,0.6
Mtnd5,0.6666666666666666
Me1,0.2
Me3,0.5333333333333333
Fdxr,0.2
Por,0.3333333333333333
Naa10,0.3333333333333333
Naa30,0.2
Naa50,0.7333333333333333
Naca,0.6
Nrap,0.6
Nedd8,0.13333333333333333
Nub1,0.2
Uba3,0.4666666666666667
Nae1,0.3333333333333333
Ube2m,0.6666666666666666
Ube2f,0.4666666666666667
Syne1,0.4666666666666667
Nes,0.4
Nenf,0.5333333333333333
Ppp1r9b,0.06666666666666667
Nefh,0.5333333333333333
Nefl,0.5333333333333333
Nefm,0.5333333333333333
Ganc,0.0
Nceh1,0.6
Ngp,0.5333333333333333
Nexn,0.3333333333333333
Nfu1,0.3333333333333333
Nhlrc2,0.2
Snu13,0.06666666666666667
Nampt,0.2
Nmnat3,0.2
Naprt,0.4
Nid1,0.6666666666666666
Nid2,0.4
Nif3l1,0.4
Nosip,0.13333333333333333
Smyd2,0.8666666666666667
Nmral1,0.4666666666666667
Nono,0.06666666666666667
Npc2,0.13333333333333333
Nsfl1c,0.4666666666666667
Ntmt1,0.3333333333333333
Sp100,0.6
Ncbp1,0.6666666666666666
Nde1,0.5333333333333333
Nfix,0.6666666666666666
Nfkb1,0.06666666666666667
Nudc,0.3333333333333333
Numa1,0.6666666666666666
Nup54,0.4
Nup98,0.5333333333333333
Nup62,0.2
Nploc4,0.3333333333333333
Nrbp1,0.26666666666666666
Nrip2,0.0
Nxf1,0.13333333333333333
Nutf2,0.26666666666666666
Nucks1,0.26666666666666666
Nucb1,0.0
Nucb2,0.0
Nol3,0.8666666666666667
Nop58,0.6
Ddx21,0.4666666666666667
Ubtf,0.0
Ncl,0.4
Tia1,0.4
Npm1,0.13333333333333333
Npm3,0.4
Nup35,0.4
Tpr,0.13333333333333333
Nxn,0.0
Nme1,0.0
Nme2,0.5333333333333333
Nudt19,0.4
Nudt8,0.3333333333333333
Nap1l1,0.13333333333333333
Nap1l4,0.26666666666666666
Nudcd2,0.0
Ola1,0.13333333333333333
Obscn,0.6666666666666666
Obsl1,0.26666666666666666
Ociad1,0.4
Ociad2,0.26666666666666666
Rexo2,0.3333333333333333
Nit2,0.2
Oat,0.6
Ostf1,0.2
Otud4,0.6666666666666666
Atad1,0.4666666666666667
Oxnad1,0.4666666666666667
Cpox,0.4666666666666667
Osbp,0.3333333333333333
Osbpl1a,0.0
Osbpl11,0.6
Osbpl9,0.0
Palld,0.3333333333333333
Palmd,0.4
Ppt1,0.2
Amy2,0.0
Papln,0.0
Palm,0.2
Pspc1,0.3333333333333333
Ptms,0.4666666666666667
Park7,0.13333333333333333
Pym1,0.06666666666666667
Pvalb,0.6666666666666666
Ccdc47,0.3333333333333333
Pxn,0.26666666666666666
Psip1,0.5333333333333333
Pdlim1,0.4
Pdlim3,0.4666666666666667
Pdlim5,0.3333333333333333
Pdlim7,0.6
Pef1,0.7333333333333333
Pm20d2,0.2
Ppia,0.06666666666666667
Ppib,0.4
Ppic,0.26666666666666666
Ppid,0.4666666666666667
Ppif,0.4666666666666667
Fkbp10,0.4
Fkbp1a,0.4666666666666667
Fkbp2,0.2
Fkbp3,0.06666666666666667
Fkbp4,0.2
Fkbp5,0.26666666666666666
Ppih,0.4666666666666667
Pin1,0.4
Pin4,0.13333333333333333
Ppil1,0.26666666666666666
Ptrh2,0.8
Prx,0.5333333333333333
Plin1,0.06666666666666667
Plin3,0.3333333333333333
Plin4,0.6
Plin5,0.26666666666666666
Postn,0.4666666666666667
Prph,0.5333333333333333
Ppl,0.26666666666666666
Prdx1,0.3333333333333333
Prdx2,0.3333333333333333
Prdx4,0.26666666666666666
Prdx5,0.6
Prdx6,0.4
Prxl2a,0.6
Acox1,0.4666666666666667
Ehhadh,0.4666666666666667
Pex19,0.6666666666666666
Crot,0.26666666666666666
Nudt7,0.5333333333333333
Hsd17b4,0.8
Pecr,0.26666666666666666
Ethe1,0.13333333333333333
Pcnp,0.13333333333333333
Perm1,0.26666666666666666
Phf5a,0.4666666666666667
Farsa,0.4666666666666667
Farsb,0.3333333333333333
Pdcl3,0.4
Phactr4,0.4
Slc25a3,0.5333333333333333
Tamm41,0.0
Lpin1,0.26666666666666666
Pebp1,0.9333333333333333
Inppl1,0.6666666666666666
Pik3r1,0.0
Pip4k2b,0.3333333333333333
Pitpna,0.6
Sacm1l,0.5333333333333333
Picalm,0.4
Pgm3,0.4666666666666667
Pck2,0.4
Pck1,0.26666666666666666
Phospho1,0.26666666666666666
Pgm1,0.0
Pgm2,0.13333333333333333
Pgm5,0.4
Pgk1,0.3333333333333333
Pgam1,0.4
Pgam2,0.6666666666666666
Plaa,0.2
Gpx4,0.7333333333333333
Lhpp,0.2
Pmm2,0.26666666666666666
Prpsap1,0.26666666666666666
Phkg1,0.13333333333333333
Phka1,0.3333333333333333
Phkb,0.6666666666666666
Psat1,0.3333333333333333
Psph,0.0
Pter,0.06666666666666667
Phyhd1,0.0
Serpinf1,0.2
Pir,0.06666666666666667
Pithd1,0.0
Klkb1,0.4
Atp2b1,0.5333333333333333
Serping1,0.4666666666666667
Plg,0.2
Serbp1,0.26666666666666666
Lcp1,0.26666666666666666
Pls3,0.6666666666666666
Pecam1,0.0
Cd36,0.4
Pla2g7,0.4
Pafah1b2,0.26666666666666666
Pafah1b1,0.26666666666666666
Plek,0.2
Plekhf1,0.26666666666666666
Plekho2,0.3333333333333333
Phlda3,0.4
Plec,0.6666666666666666
Plrg1,0.0
Parp1,0.3333333333333333
Pcbp1,0.7333333333333333
Pcbp2,0.6
Puf60,0.3333333333333333
Pabpc1,0.6
Pqbp1,0.6
Poldip2,0.3333333333333333
Ptbp1,0.4
Ptbp2,0.6
Pnpt1,0.26666666666666666
Hmbs,0.13333333333333333
Arl6ip5,0.7333333333333333
Pbxip1,0.26666666666666666
Pfdn1,0.13333333333333333
Pfdn2,0.26666666666666666
Vbp1,0.2
Pfdn5,0.13333333333333333
Pfdn6,0.3333333333333333
Pzp,0.4
Lmna,0.26666666666666666
Fip1l1,0.4666666666666667
Prpf19,0.13333333333333333
Prpf8,0.0
Dhx15,0.6
Cwc22,0.4666666666666667
Isy1,0.3333333333333333
Bcas2,0.0
Wtap,0.4666666666666667
Pcyox1,0.6
Pitrm1,0.4666666666666667
Npepl1,0.13333333333333333
Ddx17,0.6666666666666666
Ddx46,0.3333333333333333
Ddx5,0.8
Ddx6,0.0
Ldhd,0.3333333333333333
Herc4,0.6
Mkrn2,0.6666666666666666
Smarca2,0.5333333333333333
Pars2,0.4666666666666667
Usp9x,0.4666666666666667
Ctsh,0.13333333333333333
Ctsl,0.13333333333333333
Pcolce,0.4
Colgalt1,0.4
Pfn1,0.13333333333333333
Pfn2,0.3333333333333333
Pdcd6ip,0.3333333333333333
Pdcd10,0.13333333333333333
Pdcd2,0.4666666666666667
Pdcd4,0.26666666666666666
Pdcd5,0.4
Pdcd6,0.3333333333333333
Phb,0.7333333333333333
Phb2,0.8
Il16,0.2
Prelp,0.6666666666666666
Pa2g4,0.6
Akt1s1,0.26666666666666666
Prr33,0.6
Pstpip2,0.13333333333333333
Lrp1,0.4
P4ha1,0.3333333333333333
Prep,0.4
Prorsd1,0.26666666666666666
Pcca,0.4
Pccb,0.6666666666666666
Psap,0.6
Ptges2,0.3333333333333333
Ptges3,0.13333333333333333
Ptgr2,0.3333333333333333
Zadh2,0.2
Prxl2b,0.4666666666666667
Adrm1,0.06666666666666667
Psme1,0.26666666666666666
Psme2,0.6
Psme3,0.0
Ecpas,0.4
Psmg1,0.13333333333333333
Psma1,0.4666666666666667
Psma2,0.13333333333333333
Psma3,0.06666666666666667
Psma4,0.4
Psma5,0.3333333333333333
Psma6,0.0
Psma7,0.3333333333333333
Psmb1,0.2
Psmb10,0.6
Psmb2,0.26666666666666666
Psmb3,0.06666666666666667
Psmb4,0.7333333333333333
Psmb5,0.6
Psmb6,0.3333333333333333
Psmb7,0.06666666666666667
Psmb8,0.26666666666666666
Epb41,0.3333333333333333
Abhd11,0.06666666666666667
Abhd14b,0.0
Ambp,0.3333333333333333
Zbtb8os,0.06666666666666667
Prmt1,0.3333333333333333
Prmt5,0.2
Ago2,0.2
Brk1,0.26666666666666666
Bud31,0.4
Grcc10,0.6
Cnpy2,0.3333333333333333
Cnpy3,0.4
Cnpy4,0.6
Cdv3,0.2
Cobl,0.3333333333333333
Creg1,0.5333333333333333
Cuta,0.0
Dek,0.6
Diaph1,0.7333333333333333
Creld2,0.3333333333333333
P4hb,0.2
Pdia3,0.4666666666666667
Pdia4,0.26666666666666666
Pdia6,0.4
Dpy30,0.13333333333333333
Dr1,0.6666666666666666
Enah,0.13333333333333333
Lman1,0.4666666666666667
Fam107b,0.6666666666666666
Fam114a2,0.4
Fam162a,0.26666666666666666
Fam185a,0.4666666666666667
Fam98a,0.4666666666666667
Fam98b,0.3333333333333333
Fnta,0.0
Fem1aa,0.06666666666666667
Flii,0.06666666666666667
Hexim1,0.4
Hikeshi,0.26666666666666666
Hook3,0.26666666666666666
Pacsin3,0.6
Pacsin2,0.4666666666666667
Prkcq,0.4
Kti12,0.2
Lin7c,0.5333333333333333
Lsm12,0.4666666666666667
Lzic,0.3333333333333333
Magoh,0.3333333333333333
Memo1,0.13333333333333333
Mix23,0.5333333333333333
Parp3,0.2
Ndrg1,0.5333333333333333
Ndrg2,0.4
Ndrg3,0.0
Niban1,0.06666666666666667
Nipsnap2,0.4
Pbdc1,0.6666666666666666
Pelo,0.4
Ppp1r12a,0.4
Ppp1r12b,0.4666666666666667
Ppp1r14a,0.4666666666666667
Ppp1r14b,0.26666666666666666
Ppp1r14c,0.0
Ppp1r1a,0.2
Ppp1r3a,0.0
Ppp1r7,0.4
Ppm1a,0.13333333333333333
Ppm1b,0.6
Ppp1r2,0.0
Ppme1,0.5333333333333333
Pptc7,0.26666666666666666
Pml,0.5333333333333333
Pyurf,0.0
Prrc1,0.26666666666666666
Qki,0.6666666666666666
Ik,0.4666666666666667
Rer1,0.5333333333333333
S100a1,0.26666666666666666
S100a10,0.0
S100a11,0.6666666666666666
S100a13,0.4
S100a4,0.0
S100a6,0.13333333333333333
S100a8,0.5333333333333333
S100a9,0.5333333333333333
Sec13,0.3333333333333333
Set,0.6
Sugt1,0.4
Sec16a,0.6
Sec23a,0.26666666666666666
Sec31a,0.06666666666666667
Sec61b,0.4
Sec61g,0.4
Unc45b,0.6666666666666666
Znrd2,0.5333333333333333
Padi2,0.7333333333333333
Hhatl,0.2
Tgm2,0.5333333333333333
Pcmt1,0.3333333333333333
Lox,0.5333333333333333
Mettl21c,0.0
Prg4,0.06666666666666667
F2,0.4
Ptma,0.2
Pnp,0.4
Pcp4l1,0.13333333333333333
Npepps,0.6666666666666666
Ahcyl2,0.26666666666666666
Alg13,0.6666666666666666
Tatdn1,0.13333333333333333
Rbbp9,0.13333333333333333
P33monox,0.26666666666666666
Ptrhd1,0.7333333333333333
Plbd2,0.0
Ptges3l,0.2
Luc7l2,0.6
Iba57,0.4
Pdxk,0.4666666666666667
Plpbp,0.0
Pdxp,0.26666666666666666
Pc,0.4666666666666667
Pdha1,0.0
Pdhb,0.26666666666666666
Pdpr,0.6
Pdhx,0.6666666666666666
Pkm,0.6666666666666666
Cryz,0.3333333333333333
Cryzl1,0.26666666666666666
Gdi1,0.5333333333333333
Gdi2,0.6666666666666666
Rabep1,0.2
Rab11fip5,0.06666666666666667
Rilp,0.6
Rdx,0.6
Lamtor1,0.7333333333333333
Lamtor2,0.5333333333333333
Lamtor3,0.26666666666666666
Lamtor5,0.26666666666666666
Rangap1,0.13333333333333333
Ranbp3,0.3333333333333333
Ranbp1,0.5333333333333333
Rap1gds1,0.3333333333333333
G3bp1,0.4
G3bp2,0.6666666666666666
Iqgap1,0.5333333333333333
Rsu1,0.7333333333333333
Rac1,0.26666666666666666
Rac2,0.06666666666666667
Rab10,0.0
Rab11b,0.13333333333333333
Rab12,0.4666666666666667
Rab14,0.5333333333333333
Rab18,0.4666666666666667
Rab1A,0.8
Rab1b,0.26666666666666666
Rab2a,0.5333333333333333
Rab35,0.4666666666666667
Rab5a,0.6
Rab5b,0.26666666666666666
Rab5c,0.4666666666666667
Rab7a,0.6
Rala,0.4
Rap1a,0.3333333333333333
Rap1b,0.6666666666666666
Rras,0.3333333333333333
Rras2,0.3333333333333333
Rcc1l,0.2
Romo1,0.3333333333333333
Reep5,0.26666666666666666
Rack1,0.7333333333333333
Ptprc,0.6
Rgn,0.26666666666666666
Rprd1b,0.0
Rgcc,0.4
Rcc1,0.3333333333333333
Rgs10,0.26666666666666666
Rmdn1,0.5333333333333333
Upf1,0.26666666666666666
Rpa3,0.4
Rpa2,0.2
Rpa1,0.13333333333333333
Retn,0.4
Rcn1,0.4
Rcn2,0.2
Rcn3,0.4
Rtn2,0.5333333333333333
Rtn4,0.4
Rtn4ip1,0.5333333333333333
Aldh1a1,0.5333333333333333
Rbp4,0.4
Arhgdia,0.4
Arhgdib,0.06666666666666667
Arhgef1,0.13333333333333333
Arhgef7,0.06666666666666667
Rock2,0.26666666666666666
Rhoc,0.13333333333333333
Rhog,0.13333333333333333
Rnh1,0.5333333333333333
Raver1,0.2
Rrm1,0.6666666666666666
Rpia,0.4666666666666667
Prps1,0.06666666666666667
Rps6ka3,0.06666666666666667
Rrbp1,0.2
Mrrf,0.4
Gfm2,0.5333333333333333
Nqo2,0.3333333333333333
Rpe,0.4666666666666667
Rilpl1,0.06666666666666667
Rnf7,0.5333333333333333
RtcA,0.5333333333333333
Rbfox2,0.26666666666666666
Ramac,0.26666666666666666
RTRAF,0.2
Rbmx,0.0
Rbms2,0.3333333333333333
Rbm12,0.3333333333333333
Rbm14,0.3333333333333333
Rbm3,0.6666666666666666
Rbm39,0.4666666666666667
Rbm8a,0.5333333333333333
Ewsr1,0.26666666666666666
Fus,0.06666666666666667
Msi2,0.5333333333333333
Raly,0.06666666666666667
Rbpms,0.3333333333333333
Rtcb,0.13333333333333333
Fbl,0.13333333333333333
Ruvbl1,0.6666666666666666
Ruvbl2,0.4
Rwdd1,0.13333333333333333
Ryr1,0.3333333333333333
Sccpdh,0.4
Amd2,0.4
Mat2a,0.06666666666666667
Sarnp,0.4666666666666667
Srl,0.3333333333333333
Slmap,0.5333333333333333
Atp2a1,0.4
Atp2a2,0.4666666666666667
Atp2a3,0.6
Safb,0.2
Scfd1,0.6
Sec23ip,0.0
Scrn1,0.0
Scrn2,0.4666666666666667
Scrn3,0.6666666666666666
Sephs1,0.7333333333333333
Sephs2,0.4666666666666667
Scly,0.2
Eefsec,0.5333333333333333
Selenof,0.26666666666666666
Selenom,0.2
Selenop,0.13333333333333333
Sema3c,0.13333333333333333
Svs4,0.3333333333333333
Senp8,0.0
Spr,0.5333333333333333
Septin11,0.6
Septin2,0.26666666666666666
Septin7,0.3333333333333333
Septin8,0.4
Septin9,0.3333333333333333
Sqstm1,0.26666666666666666
Lactb,0.2
Serhl,0.5333333333333333
Shmt1,0.26666666666666666
Shmt2,0.6
Htra2,0.4
Serpina3k,0.13333333333333333
Serpina3m,0.3333333333333333
Serpina3n,0.2
Srrm1,0.2
Srrm2,0.3333333333333333
Srsf1,0.4666666666666667
Srsf2,0.6
Srsf3,0.0
Srsf4,0.3333333333333333
Srsf5,0.0
Srsf7,0.26666666666666666
Stk24,0.26666666666666666
Dclk1,0.5333333333333333
Mark2,0.4666666666666667
Nek7,0.4
Nek9,0.26666666666666666
Oxsr1,0.4
Pak2,0.06666666666666667
Riok3,0.4666666666666667
Sbk2,0.3333333333333333
Taok1,0.2
Wnk1,0.26666666666666666
Wnk2,0.2
Ppp2r2a,0.06666666666666667
Ppp2r2d,0.4
Ppp2r5a,0.4
Ppp2r1a,0.5333333333333333
Ptpa,0.6666666666666666
Ppp2ca,0.2
Ppp3ca,0.26666666666666666
Ppp3cb,0.0
Ppp5c,0.3333333333333333
Ppp6c,0.13333333333333333
Ankrd28,0.4
Cpped1,0.7333333333333333
Ppp1ca,0.13333333333333333
Ppp1cb,0.4666666666666667
Ppp1cc,0.0
Strap,0.7333333333333333
Sars1,0.3333333333333333
Sars2,0.6
Tf,0.06666666666666667
Serpinb6,0.13333333333333333
Serpinh1,0.26666666666666666
Srrt,0.3333333333333333
Pon1,0.5333333333333333
Pon2,0.4
Pon3,0.0
Esd,0.26666666666666666
Stac3,0.26666666666666666
Sh3bgr,0.26666666666666666
Sh3bgrl,0.6666666666666666
Sh3bgrl3,0.3333333333333333
Sh3kbp1,0.4
Scoc,0.13333333333333333
Acadsb,0.26666666666666666
Acads,0.26666666666666666
Nans,0.3333333333333333
Neu2,0.2
Skt,0.13333333333333333
Sec11a,0.2
Srpra,0.2
Srprb,0.4
Srp68,0.4
Stat1,0.4
Stat3,0.26666666666666666
Stat5a,0.26666666666666666
Stat5b,0.6666666666666666
Stam,0.5333333333333333
Smug1,0.2
Ssbp1,0.3333333333333333
Slain2,0.4
Sgta,0.06666666666666667
Smpx,0.26666666666666666
Snrpe,0.2
Snrpf,0.6666666666666666
Snrpg,0.5333333333333333
Snrpd2,0.6
Snrpd3,0.4666666666666667
Snrpb,0.6
Sumo2,0.0
Mtap,0.06666666666666667
Smtn,0.26666666666666666
Smtnl1,0.3333333333333333
Smtnl2,0.6
Snapin,0.6666666666666666
Snw1,0.0
Scn4b,0.4
Atp1a1,0.5333333333333333
Atp1a2,0.4
Atp1b1,0.6666666666666666
Atp1b2,0.0
Atp1b3,0.3333333333333333
Slc2a4,0.26666666666666666
Slc41a3,0.3333333333333333
Sbspon,0.26666666666666666
Sorbs1,0.4666666666666667
Sorbs2,0.4
Sord,0.26666666666666666
Sri,0.06666666666666667
Samm50,0.5333333333333333
Snx1,0.0
Snx12,0.4
Snx2,0.13333333333333333
Snx3,0.06666666666666667
Snx5,0.6
Snx6,0.13333333333333333
Sparc,0.13333333333333333
Sparcl1,0.4
Smoc2,0.26666666666666666
Sptan1,0.3333333333333333
Sptb,0.8
Sptbn1,0.2
Spag7,0.0
Smox,0.3333333333333333
Sms,0.26666666666666666
Skp1,0.13333333333333333
Ddx39b,0.6
Cwc15,0.4666666666666667
Sf1,0.26666666666666666
Sf3a1,0.3333333333333333
Sf3a2,0.6666666666666666
Sf3b3,0.4666666666666667
Sf3b5,0.0
Sf3b6,0.0
U2af1,0.8
U2af2,0.2
Sfpq,0.2
Spryd4,0.7333333333333333
Slirp,0.2
Cttn,0.6
Scaf8,0.06666666666666667
Stambp,0.4666666666666667
Snd1,0.26666666666666666
Stbd1,0.0
Stard5,0.13333333333333333
Stard7,0.5333333333333333
Stmn1,0.2
Slk,0.26666666666666666
Sra1,0.2
Scp2,0.06666666666666667
Stoml2,0.6
Hspa9,0.8
Stip1,0.6666666666666666
Speg,0.6666666666666666
Strn3,0.3333333333333333
Sdf2,0.4
Stim1,0.3333333333333333
Smchd1,0.3333333333333333
Smc3,0.4
Sdhd,0.3333333333333333
Sdha,0.7333333333333333
Sdhb,0.5333333333333333
Sdhaf2,0.3333333333333333
Sdhc,0.4
Suclg1,0.3333333333333333
Sucla2,0.5333333333333333
Suclg2,0.6666666666666666
Aldh5a1,0.5333333333333333
Oxct1,0.6666666666666666
Sqor,0.4
Suox,0.26666666666666666
Sult1a1,0.5333333333333333
Sae1,0.26666666666666666
Uba2,0.06666666666666667
Ube2i,0.4666666666666667
Sun2,0.7333333333333333
Sod1,0.3333333333333333
Sod2,0.6
Svil,0.6
Sbsn,0.26666666666666666
Surf4,0.6
Susd2,0.0
Srpx,0.3333333333333333
Szrd1,0.26666666666666666
Smarcc2,0.3333333333333333
Smarce1,0.06666666666666667
Syap1,0.13333333333333333
Vat1,0.0
Vat1l,0.26666666666666666
Synj2bp,0.6666666666666666
Sypl1,0.06666666666666667
Sypl2,0.26666666666666666
Synpo,0.3333333333333333
Synpo2l,0.3333333333333333
Synpo2,0.4
Snap29,0.13333333333333333
Sync,0.2
Synm,0.13333333333333333
Stx12,0.2
Stxbp1,0.26666666666666666
Stxbp3,0.6666666666666666
Sdcbp,0.3333333333333333
Tln1,0.6666666666666666
Tln2,0.2
Tardbp,0.13333333333333333
Tom1,0.26666666666666666
Tax1bp3,0.4666666666666667
Tbc1d1,0.6
Tbx15,0.26666666666666666
Tcp1,0.5333333333333333
Cct2,0.4666666666666667
Cct4,0.5333333333333333
Cct5,0.5333333333333333
Cct7,0.3333333333333333
Cct3,0.5333333333333333
Cct8,0.5333333333333333
Cct6a,0.5333333333333333
Tcap,0.26666666666666666
Tnc,0.6
Tnmd,0.3333333333333333
Tns2,0.6666666666666666
Tns3,0.4
Tdrp,0.26666666666666666
Aspscr1,0.7333333333333333
Clec3b,0.13333333333333333
Tspan7,0.0
Ttc1,0.13333333333333333
Ttc38,0.06666666666666667
Thtpa,0.06666666666666667
Thop1,0.06666666666666667
Txn,0.5333333333333333
Txndc12,0.13333333333333333
Txndc17,0.4
Txndc5,0.4666666666666667
Txnrd1,0.26666666666666666
Txnrd2,0.4
Txn2,0.6666666666666666
Prdx3,0.4
Txnl1,0.7333333333333333
Tst,0.4666666666666667
Alyref,0.4666666666666667
Trex1,0.2
Tars1,0.4
Tars3,0.5333333333333333
Thbs1,0.4
Thbs4,0.13333333333333333
Thumpd1,0.3333333333333333
Thy1,0.4
Tmsb10,0.0
Tmsb4x,0.3333333333333333
Thrap3,0.3333333333333333
Tjp1,0.2
Tiprl,0.2
Ttn,0.7333333333333333
Tollip,0.26666666666666666
Tom1l2,0.06666666666666667
Tor1aip1,0.4
Tnik,0.3333333333333333
Trappc12,0.5333333333333333
Trappc6b,0.0
Trafd1,0.06666666666666667
Dhdh,0.13333333333333333
Taldo1,0.0
Eny2,0.4666666666666667
Tcea1,0.4666666666666667
Tcea3,0.3333333333333333
Tceal5,0.4
Supt4h1a,0.0
Supt5h,0.0
Tcerg1,0.4
Tfam,0.26666666666666666
Btf3,0.6666666666666666
Btf3l4,0.7333333333333333
Taf10,0.4
Trim28,0.0
Pura,0.06666666666666667
Purb,0.4
Yap1,0.2
Ctcf,0.2
Gatad2b,0.3333333333333333
Tra2b,0.06666666666666667
Tacc2,0.3333333333333333
Tgfb1i1,0.06666666666666667
Tgfbi,0.26666666666666666
Rhoa,0.06666666666666667
Tagln,0.4
Tagln2,0.7333333333333333
Vcp,0.3333333333333333
Tkt,0.3333333333333333
Guf1,0.13333333333333333
Eif2b2,0.2
Eif2b4,0.4666666666666667
Mtif2,0.4
Tma7,0.6666666666666666
Taco1,0.6
Tpt1,0.06666666666666667
Tsn,0.0
Tsnax,0.4
Ssr1,0.13333333333333333
Tapt1,0.4666666666666667
Tmed1,0.4666666666666667
Tmed10,0.13333333333333333
Tmed2,0.26666666666666666
Tmed4,0.3333333333333333
Tmed5,0.5333333333333333
Tmed9,0.6
Tmem109,0.4
Tmem11,0.2
Tmem126a,0.4666666666666667
Tmem43,0.8
Tmem65,0.5333333333333333
Tango2,0.3333333333333333
Ttr,0.26666666666666666
Tcof1,0.6
Trdn,0.0
Hadha,0.3333333333333333
Hadhb,0.3333333333333333
Gart,0.4
Tmem38a,0.13333333333333333
Triobp,0.0
Tkfc,0.3333333333333333
Tpi1,0.26666666666666666
Trim54,0.3333333333333333
Trim72,0.26666666666666666
Tpp1,0.26666666666666666
Tpp2,0.3333333333333333
Tmod1,0.13333333333333333
Tmod2,0.3333333333333333
Tmod3,0.5333333333333333
Tmod4,0.4
Tpm1,0.13333333333333333
Tpm3,0.06666666666666667
Tpm4,0.2
Tpm2,0.6666666666666666
Tnnc2,0.0
Tnnc1,0.4666666666666667
Tnni2,0.8
Tnni1,0.4666666666666667
Tnnt3,0.6
Tnnt1,0.06666666666666667
Tpsb2,0.2
Wars1,0.06666666666666667
Tsc22d1,0.13333333333333333
Tuba1b,0.4666666666666667
Tuba3a,0.5333333333333333
Tuba4a,0.6666666666666666
Tuba8,0.6
Tubb2a,0.4666666666666667
Tubb3,0.5333333333333333
Tubb4a,0.4666666666666667
Tubb4b,0.6
Tubb5,0.2
Tubb6,0.5333333333333333
Tppp,0.3333333333333333
Tppp3,0.4666666666666667
Tbcb,0.4
Tbca,0.13333333333333333
Tbcel,0.6666666666666666
Tbce,0.6666666666666666
Ttll12,0.4
Tinagl1,0.26666666666666666
Tdrd3,0.4666666666666667
Tpd52,0.0
Tpd52l2,0.4666666666666667
Tsg101,0.3333333333333333
Twf1,0.3333333333333333
Twf2,0.7333333333333333
Csk,0.3333333333333333
Lyn,0.4666666666666667
Ptpn11,0.4
Ptpn6,0.0
Yars1,0.3333333333333333
Snrnp70,0.6666666666666666
Snrpc,0.26666666666666666
U2surp,0.06666666666666667
Prpf31,0.2
Prpf4,0.06666666666666667
Snrnp40,0.26666666666666666
Lsm1,0.4
Lsm2,0.3333333333333333
Lsm3,0.6
Lsm4,0.3333333333333333
Lsm5,0.4666666666666667
Lsm6,0.6
Lsm8,0.5333333333333333
Nudt16,0.13333333333333333
Ubqln1,0.4666666666666667
Ubqln2,0.6
Ubqln4,0.4666666666666667
Uqcc2,0.0
Coq6,0.13333333333333333
Coq3,0.3333333333333333
Coq9,0.06666666666666667
Usp10,0.26666666666666666
Usp13,0.3333333333333333
Usp14,0.6
Usp15,0.13333333333333333
Usp19,0.6
Usp2,0.7333333333333333
Usp4,0.6
Usp47,0.6666666666666666
Usp5,0.26666666666666666
Usp7,0.2
Uchl1,0.4666666666666667
Uchl3,0.3333333333333333
Uchl5,0.0
Ubfd1,0.0
Ufd1,0.5333333333333333
Otub1,0.6
Rps27a,0.3333333333333333
Ubac1,0.2
Ubap2,0.13333333333333333
Ubap2l,0.13333333333333333
Ube2d3,0.7333333333333333
Ube2g1,0.4666666666666667
Ube2g2,0.0
Ube2k,0.4
Ube2l3,0.3333333333333333
Ube2n,0.3333333333333333
Cdc34,0.2
Ube2v1,0.4
Ube2v2,0.26666666666666666
Ube2z,0.6
Ufm1,0.2
Ufc1,0.5333333333333333
Uba1,0.5333333333333333
Uba5,0.13333333333333333
Ubl4a,0.2
Ubl5,0.4666666666666667
Ubl7,0.3333333333333333
Isg15,0.4
Atg3,0.6
Ube3a,0.6666666666666666
Ubxn1,0.2
Ubxn6,0.7333333333333333
Ugdh,0.0
Uggt1,0.4666666666666667
Ogt,0.4
Uap1,0.06666666666666667
Uap1l1,0.13333333333333333
Ufsp1,0.4
Cmpk1,0.4666666666666667
Cmpk2,0.6
Myo1c,0.4666666666666667
Myo18a,0.6
Bles03,0.06666666666666667
Urod,0.7333333333333333
Uros,0.3333333333333333
Ugp2,0.8
Rad23a,0.26666666666666666
Rad23b,0.06666666666666667
Uaca,0.06666666666666667
Vps26a,0.4666666666666667
Vps26b,0.3333333333333333
Vps28,0.13333333333333333
Vps29,0.5333333333333333
Vps35,0.7333333333333333
Vps37a,0.6
Vps37b,0.26666666666666666
Vps37c,0.2
Vps4a,0.26666666666666666
Vps4b,0.26666666666666666
Vta1,0.13333333333333333
Vps25,0.4666666666666667
Vps36,0.2
Bphl,0.13333333333333333
Vars1,0.4666666666666667
Vasp,0.3333333333333333
Vcan,0.26666666666666666
Acadvl,0.6666666666666666
Tecr,0.2
Vti1b,0.06666666666666667
Vamp3,0.7333333333333333
Vapa,0.3333333333333333
Vapb,0.5333333333333333
Nsf,0.0
Sec22b,0.6666666666666666
Hdlbp,0.06666666666666667
Vim,0.4666666666666667
Vcl,0.26666666666666666
Sorbs3,0.3333333333333333
Gc,0.26666666666666666
Vtn,0.4666666666666667
Vdac1,0.5333333333333333
Vdac2,0.6
Vdac3,0.4
Cacna2d1,0.5333333333333333
Cacna1s,0.0
Cacnb1,0.3333333333333333
Vwa1,0.3333333333333333
Vwa5a,0.4666666666666667
Vwa8,0.26666666666666666
Atp6v1a,0.0
Atp6v1b2,0.3333333333333333
Atp6v1c1,0.13333333333333333
Atp6v1e1,0.13333333333333333
Atp6v1f,0.2
Atp6v1g1,0.6666666666666666
Wipf1,0.26666666666666666
Washc2,0.06666666666666667
Wdsub1,0.5333333333333333
Wdr1,0.5333333333333333
Wdr26,0.26666666666666666
Wdr53,0.4666666666666667
Wdr82,0.4666666666666667
Wfs1,0.3333333333333333
Xpnpep1,0.2
Pepd,0.13333333333333333
Xdh,0.4
Xirp1,0.6666666666666666
Xirp2,0.4
Xrcc5,0.13333333333333333
Xrcc6,0.0
Ybx1,0.6666666666666666
Ybx2,0.13333333333333333
Ybx3,0.2
Yrdc,0.3333333333333333
Zbtb20,0.4666666666666667
Zc3h15,0.8
Zc3h18,0.6
Zcchc8,0.4
Znf428,0.2
Znf830,0.3333333333333333
Zpr1,0.26666666666666666
Azgp1,0.2
Zyx,0.4666666666666667
